"FITC.A","Pacific_Blue.A"
138.180932072262,803.590075698657
3285.07533142354,583.993044111834
1675.01582314352,606.003757710671
1288.00666671816,565.536600988549
