"FITC.A","Pacific_Blue.A"
3948.82285437603,1020.84428463776
4099.73022523027,1843.09366473004
4336.47833477315,841.0392754913
4163.12971239406,789.743844592896
