"Time","deg"
30,7889.07698059083
60,5085.35115509897
90,4821.60827152549
