"Time","rep","out"
45,1675.01582314352,2000.01582314352
90,1675.01582314352,606.003757710671
