"Pacific_Blue.A","FITC.A"
316.98463077013,269.600928456666
354.553910107126,29062.7528553487
269.345984608033,31796.3100911312
287.122729548269,27294.2778499198
