"Pacific_Blue.A","FITC.A"
323.4678980825,347.661027558825
362.230038928546,395.623274512063
338.426977590118,384.055570001072
327.417136747135,391.740696535019
