"PE.Texas_Red.A","Pacific_Blue.A"
6.07810773526136,1122.35825734987
14.9058445987563,41.6010293684856
