"PE.Texas_Red.A","Pacific_Blue.A"
6.07810773526136,1122.35825734987
344.978995070553,29.6189421813225
